"ids","subjectline"
"1"," Personal Finance: Resolutions You Can Keep"
"2"," Malcolm in the Middle Sweepstakes Prize Notification"
"3"," Automated 30 day renewal reminder 2002-05-27"
"4"," CAUCE NEWS, Vol 6, No 2, June 2002"
"5"," The ISO17799 Newsletter - Issue 4"
"6"," Virtueller Messetag der jobfair24 am Mittwoch, 03. Juli 2002"
"7"," F2M - Ihre kostenlose Faxnummer - Newsletter"
"8"," Lindows.com: Michael's Minute: Lindows.com Report Card"
"9"," Jobs, Jobs, Jobs: HEUTE, 03.07.02 ist virtueller Messetag der jobfair24!!!"
"10"," CNET NEWS.COM: Cable companies cracking down on Wi-Fi"
"11"," Lindows.com: Michael's Minute: Do the Math...Dispel the Myths"
"12"," CNET NEWS.COM: Cable companies cracking down on Wi-Fi"
"13"," Save an extra $50 on the iPaq 3835 PDA (CNET SHOPPER)"
"14"," This week: Deck, Tex-Edit Plus, Boom"
"15"," Reg Headlines Wednesday July 10"
"16"," [Lockergnome Penguin Shell]  Recursive Metaphor"
"17"," [Lockergnome Windows Daily]  Brilliant Mistakes"
"18"," Your Daily Dilbert 07/10/2002"
"19"," This week: Browse or bust"
"20"," [Lockergnome Tech Specialist]  Handprint Singing"
"21"," Save an extra $50 on the iPaq 3835 PDA (CNET SHOPPER)"
"22"," MS's Palladium: What the hell is it? (Here's what!) [ANCHORDESK]"
"23"," Oracle Technology Network TechBlast - July 2002"
"24"," What to look for in your next smart phone (Tech Update)"
"25"," [Lockergnome Apple Core]  Skip Content"
"26"," Xscale disappoints in Toshiba's e740"
"27"," Looking for the perfect camera for your summer vacation? (CNET SHOPPER)"
"28"," CNET NEWS.COM: The tech side of homeland defense"
"29"," NEWS.COM INVESTOR: Tech stocks drop again on Qwest criminal probe news"
"30"," IBM's thin ThinkPads fit to a T"
"31"," Get the Perfect Mix of ZDNet's Best Stuff!"
"32"," This week: Deck, Tex-Edit Plus, Boom"
"33"," This Week: FileSystem, AppletFile, PHP Master Editor"
"34"," Reg Headlines Thursday July 11"
"35"," [Lockergnome Windows Daily]  Fraud Wipes"
"36"," Shop smarter with ZDNet's price-feature analysis"
"37"," CNET NEWS.CONTEXT: Hollywood & Silicon Valley: A way out?"
"38"," Intel 900MHz / 256MB PC-133 / 10X DVD / 20GB PC: Starting Bid $229"
"39"," Next MS Office? Here's what I'd add--and delete [ANCHORDESK]"
"40"," Your Daily Dilbert 07/11/2002"
"41"," Moore: Speech recognition next hurdle (Tech Update)"
"42"," =?iso-2022-jp?B?GyRCRnxLXDhsJE43b0w+IUolNSVWJTglJyUvJUghSyEhJTkbKEI=?="
"43"," Reg Headlines Wednesday July 10"
"44"," CNET Cool Gear:  Leica's legendary charm"
"45"," Our new Memory Configurator makes RAM shopping easy! (CNET SHOPPER)"
"46"," =?iso-2022-jp?B?UmU6IBskQjswSSkyPTNYJSglcyU4JUslIiVqJXMlME1NJVcbKEI=?="
"47"," RE: $B;0I)2=3X%(%s%8%K%""%j%s%0MM%W%m%;%9%@%&%s$K$D$$$F(B  - ticket"
"48"," Re: $B;0I)2=3X%(%s%8%K%""%j%s%0MM%W%m%;%9%@%&%s$K$D$$$F(B - ticket"
"49"," RE: $B;0I)2=3X%(%s%8%K%""%j%s%0MM%W%m%;%9%@%&%s$K$D$$$F(B"
"50"," Re: $B;0I)2=3X%(%s%8%K%""%j%s%0MM%W%m%;%9%@%&%s$K$D$$$F(B"
"51"," RE: $B;0I)2=3X%(%s%8%K%""%j%s%0MM%W%m%;%9%@%&%s$K$D$$$F(B"
"52"," Re:$B;0I)2=3X%(%s%8%K%""%j%s%0MM%W%m%;%9%@%&%s$K$D$$$F(B"
"53"," [RE: $B;0I)2=3X%(%s%8%K%""%j%s%0MM%W%m%;%9%@%&%s$K$D$$$F(B"
"54"," RE: $B;0I)2=3X%(%s%8%K%""%j%s%0MM%W%m%;%9%@%&%s$K$D$$$F(B"
"55"," Re: $B;0I)2=3X%(%s%8%K%""%j%s%0MM%W%m%;%9%@%&%s$K$D$$(B"
"56"," RE: $B;0I)2=3X%(%s%8%K%""%j%s%0MM%W%m%;%9%@%&%s$K$D$$(B"
"57"," RE: $B;0I)2=3X%(%s%8%K%""%j%s%0MM%W%m%;%9%@%&%s$K$D(B"
"58"," $B;0I)2=3X%(%s%8%K%""%j%s%0MM%W%m%;%9%@%&%s$K$D$$(B"
"59"," Cell phones coming soon"
"60"," Great deals on perfect Summer cameras! (CNET SHOPPER)"
"61"," CNET: Why I don't use firewalls"
"62"," CNET NEWS.COM: Copies, Webcasts tangled in draft bill"
"63"," [Lockergnome Penguin Shell]  Karaoke Kernel"
"64"," NEWS.COM INVESTOR: Battered stocks regain ground"
"65"," CNET DIGITAL DISPATCH: Saying good-bye to free"
"66"," [Lockergnome Penguin Shell]  Recursive Metaphor"
"67"," Broadband ISPs wise up to wireless, defend (or don't) against hackers (CNET INTERNET SERVICES)"
"68"," [Lockergnome Digital Media]  Alphabet Speakerphone"
"69"," Reg Headlines Friday July 12"
"70"," New Sony Vaio: When small becomes TOO small [ANCHORDESK]"
"71"," Take all your music on the road (ZDNET SHOPPER)"
"72"," Your Daily Dilbert 07/12/2002"
"73"," What you need for iPaq wireless connectivity (Tech Update)"
"74"," [Lockergnome Tech Specialist]  Geothermal Caffeine"
"75"," [Lockergnome Webmaster Weekly]  Compatible Whistles"
"76"," CNET NEWS.COM: Canning spam without eating up real mail"
"77"," [Lockergnome Windows Daily]  Brilliant Mistakes"
"78"," Get the most out of your games and graphics! (CNET SHOPPER)"
"79"," NEWS.COM INVESTOR: Techs fall with consumer sentiment"
"80"," THE WEEK IN REVIEW: Quit copying"
"81"," Your Daily Dilbert 07/13/2002"
"82"," Your Daily Jump Start"
"83"," [Lockergnome Windows Daily]  Beefier Vinyl"
"84"," Reg Headlines Monday July 15"
"85"," FREE SHIPPING! No Minimum Purchase* at Buy.com"
"86"," [Lockergnome Tech Specialist]  Tantamount Revelation"
"87"," [Lockergnome Windows Daily]  Deeper Uplink"
"88"," Your Daily Dilbert 07/10/2002"
"89"," Dear Steve Jobs: At Macworld, show me this... [ANCHORDESK]"
"90"," What's facing FBI's new CIO? (Tech Update)"
"91"," [Lockergnome Digital Media]  Humblest Alarm"
"92"," CNET NEWS.COM: File-traders in the crosshairs"
"93"," Still hunting for the perfect RAM upgrade? (CNET SHOPPER)"
"94"," Looking for a quick, affordable way to upgrade your PC? (CNET SHOPPER)"
"95"," NEWS.COM INVESTOR: Techs rise, but Dow falls on day of Bush speech"
"96"," Four free e-mailers reviewed, Get the gear you need to burn DVDs"
"97"," Reg Headlines Tuesday July 16"
"98"," [Lockergnome Windows Daily]  Dignity Shakedown"
"99"," This week: Browse or bust"
"100"," Why we're changing our publishing schedule [ANCHORDESK]"
"101"," Personal laser picks for students, SOHO users, and more! (ZDNET SHOPPER)"
"102"," Bridging the gap between Liberty and Microsoft (Tech Update)"
"103"," [Lockergnome Tech Specialist]  Frequent Format"
"104"," [Lockergnome Penguin Shell]  Good Hearts"
"105"," CNET NEWS.COM: Microsoft reveals media XP details"
"106"," Save an extra $50 of Compaq's powerful iPaq H3835! (CNET SHOPPER)"
"107"," NEWS.COM INVESTOR: Techs slump with Intel"
"108"," Reg Headlines Wednesday July 17"
"109"," This week: Marine Aquarium, QuickTime, MoonDock"
"110"," [Lockergnome Tech Specialist]  Handprint Singing"
"111"," [Lockergnome Windows Daily]  Medieval Mocha"
"112"," [Lockergnome Apple Core]  Intuitive Cash"
"113"," Your Daily Dilbert 07/17/2002"
"114"," This week: Rhapsody rules"
"115"," Check out the new CLIE PEG-T665C from Sony! (CNET SHOPPER)"
"116"," Triple your dial-up Web surfing speeds! Here's how [ANCHORDESK]"
"117"," Are bigger notebooks better?"
"118"," Where TabletPC will succeed (Tech Update)"
"119"," [Lockergnome Tech Specialist]  Bridge Concept"
"120"," CNET NEWS.COM: Jobs touts OS X, iPods, iMac"
"121"," MS's Palladium: What the hell is it? (Here's what!) [ANCHORDESK]"
"122"," NEWS.COM INVESTOR: Techs gain on Intel, Motorola news"
"123"," CNET: Copycat worms and a PGP Outlook flaw"
"124"," CNET Cool Gear: Find the right cordless phone"
"125"," This Week: Chilkat Zip, Anfy Java, VB-PowerWrap"
"126"," CNET: A note to our subscribers"
"127"," Reg Headlines Thursday July 18"
"128"," Sneak Peek: NEW HP Products"
"129"," Canon USA Reseller News : July"
"130"," [Lockergnome Digital Media]  Endorsed Compatibility"
"131"," Why we're changing our publishing schedule [ANCHORDESK]"
"132"," What to look for in your next smart phone (Tech Update)"
"133"," When search results don't count (Tech Update)"
"134"," Your Daily Dilbert 07/18/2002"
"135"," [Lockergnome Penguin Shell]  Weekend Warriors"
"136"," [Lockergnome Windows Daily]  Sticker Courtesy"
"137"," [Lockergnome Tech Specialist]  Friend Fry"
"138"," CNET NEWS.CONTEXT: Adios to options excess?"
"139"," [Lockergnome Penguin Shell]  Retail Ready"
"140"," CNET NEWS.COM: Selling secure laptops no open-shut case"
"141"," CNET: Miniature cameras and privacy laws"
"142"," NEWS.COM INVESTOR: Techs lose again with Seibel earnings miss, AOL questions"
"143"," [Lockergnome Apple Core]  Skip Content"
"144"," Olympus Brio D-100 1.3 MegaPixel Digital Camera: Starting Bid $99"
"145"," MSN 8.0 on deck and on a roll, CyberSLAPPs explained (CNET INTERNET SERVICES)"
"146"," Great deals on the Summer's hottest MP3 players (CNET SHOPPER)"
"147"," CNET DIGITAL DISPATCH: Mac zealots unite"
"148"," Cordless phones: the other wireless devices"
"149"," Reg Headlines Friday July 19"
"150"," WinXPnews: Time To Patch Your Windows Media Player"
"151"," Shopping for an affordable gaming PC? (CNET SHOPPER)"
"152"," MS/Apple: Can this marriage be saved? (I doubt it) [ANCHORDESK]"
"153"," Need a PDA that's more than a phonebook? (ZDNET SHOPPER)"
"154"," Xscale disappoints in Toshiba's e740"
"155"," Hey, thief! This laptop is locked (Tech Update)"
"156"," Your Daily Dilbert 07/19/2002"
"157"," DivX News: Battle of the Planets in DivX, Warcraft III, and the"
"158"," [Lockergnome Windows Daily]  Entrance Slouch"
"159"," THE WEEK IN REVIEW: Harvest at Macworld"
"160"," Your Daily Dilbert 07/20/2002"
"161"," Reg Headlines Monday July 22"
"162"," [Lockergnome Webmaster Weekly]  Educational Capabilities"
"163"," How Microsoft plans to take over your living room [ANCHORDESK]"
"164"," Your Daily Dilbert 07/22/2002"
"165"," Looking for the perfect camera for your summer vacation? (CNET SHOPPER)"
"166"," Why HP could be king of servers (Tech Update)"
"167"," [Lockergnome Windows Daily]  Cranky Beats"
"168"," [Lockergnome Tech Specialist]  Concrete Geekitude"
"169"," CERT Advisory CA-2002-21 Vulnerability in PHP"
"170"," [Lockergnome Digital Media]  Clever Ritual"
"171"," Reg Headlines Tuesday July 23"
"172"," NEWS.COM INVESTOR: Techs fall again with telecoms, Dow drops below 8K"
"173"," CNET NEWS.COM: WorldCom woes lead to bankruptcy"
"174"," Today's news: Serious PHP flaw found"
"175"," =?iso-8859-1?Q?Matrox_Parhelia=99_now_available?="
"176"," CNET NEWS.COM: The tech side of homeland defense"
"177"," [DEJD] DesktopEngineer.com Headlines - $200 For The Best Submission"
"178"," Wrox Press Developer's Journal"
"179"," GOVERNMENT REGULATION IS KILLING THE STOCK MARKET"
"180","      Slang of the Day! > ""blimp"""
"181"," [GHSclassof1977] Boneheads"
"182"," VoIP tip: Troubleshooting voice"
"183"," LP RELEASE: Outrageous military spending"
"184"," Subject: There's still time to enter Lifetime's New Season Sweeps!"
"185"," When to Sell Online Seminar, Lesson 2: Companies Gone Wrong"
"186"," Your NEW ""Leg-Up"" on Wall Street..."
"187"," NEWS.COM INVESTOR: Tech stocks drop again on Qwest criminal probe news"
"188"," QuickTime News: July 26, 2002"
"189"," firewalls Digest V1 #33"
"190"," Re: QOS"
"191"," Re: QOS"
"192"," FW: disable some sites"
"193",NA
"194",NA
"195",NA
"196"," DNAT with iptables question"
"197"," RE: DNAT with iptables question"
"198"," UBID Auction Alert"
"199"," Do you dream of the latest gadgets? (ZDNET SHOPPER)"
"200"," DivX News: DivX Affiliate Program, Nobody in DivX, and New Player"
"201"," Re: remove"
"202"," Cash Flow Doesn't Lie...Even After Today's Rally "
"203"," Hi! I'm new here."
"204"," Back to School with Buy4Now"
"205"," Send me this newsletter in TEXT format&#46;"
"206"," Re: Hi! I'm new here."
"207"," IBM's thin ThinkPads fit to a T"
"208"," Re: Hi! I'm new here."
"209"," EFFector 15.24: EFF Submits Comments to FCC, Johansen Trial"
"210"," blogged item"
"211"," Brother, Can You Spare a Jet?"
"212"," [zzzzteana] Fwd: Explorator 5.15"
"213"," Re: Hi! I'm new here."
"214"," Buy Ryanair Travel Insurance Today"
"215"," GAMESPOT PC: Lionheart designer diary, No One Lives Forever 2 screenshot update, and more!"
"216"," United We Fall?"
"217"," Get the Perfect Mix of ZDNet's Best Stuff!"
"218"," SEC Exposes Big Blue's Pink Slips"
"219"," SOURCEFORGE.NET UPDATE: August 14, 2002"
"220"," Neat Net Tricks Standard Issue 131 - August 15, 2002"
"221"," [SAtalk] OT: Can Weblogs Reach Ronald Scelson?"
"222"," iSilo announcements (August 15, 2002)"
"223"," SEVERE THUNDERSTORM WARNING UNTIL THU AUG 15 2002 05:45 PM EDT FOR 12144"
"224","      World Wide Words -- 17 Aug 02"
"225"," MiniNTK 2002-08-16"
"226"," EFFector 15.25: Judge Grants Consumer Voice in ReplayTV Lawsuit, Musician Endorses Music Sharing"
"227"," Re: kernel BUG at filemap.c:843!"
"228"," Re: kernel BUG at filemap.c:843!"
"229"," This Week: FileSystem, AppletFile, PHP Master Editor"
"230"," [use Perl] Stories for 2002-08-18"
"231"," Movies to Watch on Lifetime"
"232"," BUG REVIEW"
"233"," [Lockergnome Tech Specialist]  Transportation Rage"
"234"," The Freedom Rides"
"235"," WORD A DAY - ""coruscate"" - 8/20/02"
"236"," Terry Pratchett - AuthorTracker News from HarperCollins"
"237"," Outer Where? Right here, at dELiAs*cOm!"
"238"," Tribute MovieMail - Vol. 1 #48"
"239"," This Weeks Movie Trivia Question from All Things New England"
"240"," Reg Headlines Thursday July 11"
"241"," Astrology.com: daily horoscope"
"242"," Ashfield Online 9/1/2002 by Aric McKeown"
"243"," Eagle: Lieutenant governor's race competitive, unique"
"244"," Announcing the New Netscape 7.0 - The Fastest Netscape Browser Ever"
"245"," Struts 1.1 Article, JavaServer Faces Tech Talk, iXML & Widget Pages Patterns, JRun 4.0 Review"
"246"," On The Way to Telluride, On My Way Back to the World"
"247"," Geocaching.com Weekly Cache Notification"
"248"," BIG 12 OR BUST"
"249"," a deadlock problem"
"250","  Linux-Announce Digest #180"
"251"," OO Programming Newsletter #41 from Bruce Eckel"
"252"," The Linux Counter..."
"253"," Linux Gazette #82 (September 2002) available"
"254"," bigtwo: coffee.marilith.1 released"
"255"," NEWS: GNU/DEVELOPMENT... intl orgns take a close look at GNU/Linux"
"256"," Attn programmers: support offered [FLOSS-Sarai Initiative]"
"257"," [Lockergnome Windows Daily]  Fraud Wipes"
"258"," [SQL] Database joins"
"259"," [NOVICE] pl/pgsql and returns timestamp type"
"260"," Core Java Technologies Tech Tips, September 10, 2002 (ArrayList vs. LinkedList, Zero-Length Arrays)"
"261"," EFFector 15.28: Motions Filed in Morpheus Peer-to-Peer Case,"
"262"," September Core Java Technologies Newsletter"
"263"," Geocaching.com Weekly Cache Notification"
"264"," DayTips' Poem-a-Day: 09/13/02"
"265"," Securing multiple virtual hosts"
"266"," Classic Novels, Aesop's Fables, Issue 49"
"267"," You're signed up for the Reich Report!"
"268"," Shop smarter with ZDNet's price-feature analysis"
"269"," JavaServer Pages updated"
"270"," Personalize your Palm OS device"
"271"," [MLB-WIRELESS] FW: Cisco Wireless LAN Solutions"
"272"," AOL Keyword: Fraud Probe"
"273"," Yahoo! News Story - Top Stories"
"274"," [ILUG-Social] Re: Important - reenactor insurance needed"
"275"," Market Can't Find Its Bottom With Both Hands"
"276"," Red Hat Linux 8.0 now available on Red Hat Network"
"277"," (SPAM? 08.00) example.sourceforge.net mailing list memberships reminder"
"278"," updated weblogs from blo.gs"
"279"," CNET NEWS.CONTEXT: Hollywood & Silicon Valley: A way out?"
"280"," MEDIA: spamNEWS Digest September 30 - October 05, 2002"
"281"," testing for taint.org, part 2"
"282"," Apt repository authentication: it's time"
"283"," Re: RedHat 8.0 and his own freetype"
"284"," Quicker and easier shopping with Tesco."
"285"," Christmas is coming to all Ryanair passe"
"286"," HTTP: The Definitive Guide"
"287"," Try our new Apparel store and get a 30 dollar thank you"
"288"," iSilo announcements (November 8, 2002)"
"289"," EFFector 15.35: ALERT UPDATE: Urge Your Representative to Co-Sponsor the DMCRA!"
"290"," Intel 900MHz / 256MB PC-133 / 10X DVD / 20GB PC: Starting Bid $229"
"291"," Espial TV Web Seminar Series - Register Today!"
"292"," Re: [Razor-users] razor-revoke, trust levels, slashdot is not  spam."
"293"," [Slashdot] Headlines for 2002-11-13"
"294"," CuteFTP Pro 3.0 Released!"
"295"," Software you can be thankful for"
"296"," More Freebies with Ryanair.com"
"297"," Cost price Guinness, Budweiser and selected spirits at tesco.ie"
"298"," Apple Store eNews : November 2002"
"299"," IMHO 1.10 - Chomsky, Fashion, and Segways"
"300"," Neat Net Tricks Standard Issue #138, December 1, 2002"
"301"," CuteFTP exclusive: OmniPage Pro with DNS"
"302"," Next MS Office? Here's what I'd add--and delete [ANCHORDESK]"
"303"," FC Sporadic for Wednesday, October 30, 2002"
"304"," Your Daily Dilbert 07/11/2002"
"305"," Moore: Speech recognition next hurdle (Tech Update)"
"306"," CNET Cool Gear:  Leica's legendary charm"
"307"," Our new Memory Configurator makes RAM shopping easy! (CNET SHOPPER)"
"308"," Cell phones coming soon"
"309"," Great deals on perfect Summer cameras! (CNET SHOPPER)"
"310"," CNET: Why I don't use firewalls"
"311"," CNET NEWS.COM: Copies, Webcasts tangled in draft bill"
"312"," [Lockergnome Penguin Shell]  Karaoke Kernel"
"313"," NEWS.COM INVESTOR: Battered stocks regain ground"
"314"," CNET DIGITAL DISPATCH: Saying good-bye to free"
"315"," Broadband ISPs wise up to wireless, defend (or don't) against hackers (CNET INTERNET SERVICES)"
"316"," [Lockergnome Digital Media]  Alphabet Speakerphone"
"317"," Reg Headlines Friday July 12"
"318"," New Sony Vaio: When small becomes TOO small [ANCHORDESK]"
"319"," Take all your music on the road (ZDNET SHOPPER)"
"320"," Your Daily Dilbert 07/12/2002"
"321"," What you need for iPaq wireless connectivity (Tech Update)"
"322"," [Lockergnome Tech Specialist]  Geothermal Caffeine"
"323"," [Lockergnome Webmaster Weekly]  Compatible Whistles"
"324"," CNET NEWS.COM: Canning spam without eating up real mail"
"325"," Get the most out of your games and graphics! (CNET SHOPPER)"
"326"," NEWS.COM INVESTOR: Techs fall with consumer sentiment"
"327"," THE WEEK IN REVIEW: Quit copying"
"328"," Your Daily Dilbert 07/13/2002"
"329"," Your Daily Jump Start"
"330"," [Lockergnome Windows Daily]  Beefier Vinyl"
"331"," Reg Headlines Monday July 15"
"332"," FREE SHIPPING! No Minimum Purchase* at Buy.com"
"333"," [Lockergnome Tech Specialist]  Tantamount Revelation"
"334"," [Lockergnome Windows Daily]  Deeper Uplink"
"335"," Dear Steve Jobs: At Macworld, show me this... [ANCHORDESK]"
"336"," What's facing FBI's new CIO? (Tech Update)"
"337"," [Lockergnome Digital Media]  Humblest Alarm"
"338"," CNET NEWS.COM: File-traders in the crosshairs"
"339"," Still hunting for the perfect RAM upgrade? (CNET SHOPPER)"
"340"," Looking for a quick, affordable way to upgrade your PC? (CNET SHOPPER)"
"341"," NEWS.COM INVESTOR: Techs rise, but Dow falls on day of Bush speech"
"342"," Four free e-mailers reviewed, Get the gear you need to burn DVDs"
"343"," Reg Headlines Tuesday July 16"
"344"," [Lockergnome Windows Daily]  Dignity Shakedown"
"345"," Why we're changing our publishing schedule [ANCHORDESK]"
"346"," Personal laser picks for students, SOHO users, and more! (ZDNET SHOPPER)"
"347"," Bridging the gap between Liberty and Microsoft (Tech Update)"
"348"," [Lockergnome Tech Specialist]  Frequent Format"
"349"," [Lockergnome Penguin Shell]  Good Hearts"
"350"," CNET NEWS.COM: Microsoft reveals media XP details"
"351"," Save an extra $50 of Compaq's powerful iPaq H3835! (CNET SHOPPER)"
"352"," NEWS.COM INVESTOR: Techs slump with Intel"
"353"," Reg Headlines Wednesday July 17"
"354"," This week: Marine Aquarium, QuickTime, MoonDock"
"355"," [Lockergnome Windows Daily]  Medieval Mocha"
"356"," [Lockergnome Apple Core]  Intuitive Cash"
"357"," Your Daily Dilbert 07/17/2002"
"358"," This week: Rhapsody rules"
"359"," Check out the new CLIE PEG-T665C from Sony! (CNET SHOPPER)"
"360"," Triple your dial-up Web surfing speeds! Here's how [ANCHORDESK]"
"361"," Are bigger notebooks better?"
"362"," Where TabletPC will succeed (Tech Update)"
"363"," [Lockergnome Tech Specialist]  Bridge Concept"
"364"," CNET NEWS.COM: Jobs touts OS X, iPods, iMac"
"365"," NEWS.COM INVESTOR: Techs gain on Intel, Motorola news"
"366"," CNET: Copycat worms and a PGP Outlook flaw"
"367"," CNET Cool Gear: Find the right cordless phone"
"368"," This Week: Chilkat Zip, Anfy Java, VB-PowerWrap"
"369"," CNET: A note to our subscribers"
"370"," Reg Headlines Thursday July 18"
"371"," Sneak Peek: NEW HP Products"
"372"," Canon USA Reseller News : July"
"373"," [Lockergnome Digital Media]  Endorsed Compatibility"
"374"," Why we're changing our publishing schedule [ANCHORDESK]"
"375"," When search results don't count (Tech Update)"
"376"," Your Daily Dilbert 07/18/2002"
"377"," [Lockergnome Penguin Shell]  Weekend Warriors"
"378"," [Lockergnome Windows Daily]  Sticker Courtesy"
"379"," [Lockergnome Tech Specialist]  Friend Fry"
"380"," CNET NEWS.CONTEXT: Adios to options excess?"
"381"," [Lockergnome Penguin Shell]  Retail Ready"
"382"," CNET NEWS.COM: Selling secure laptops no open-shut case"
"383"," CNET: Miniature cameras and privacy laws"
"384"," NEWS.COM INVESTOR: Techs lose again with Seibel earnings miss, AOL questions"
"385"," Olympus Brio D-100 1.3 MegaPixel Digital Camera: Starting Bid $99"
"386"," MSN 8.0 on deck and on a roll, CyberSLAPPs explained (CNET INTERNET SERVICES)"
"387"," Great deals on the Summer's hottest MP3 players (CNET SHOPPER)"
"388"," CNET DIGITAL DISPATCH: Mac zealots unite"
"389"," Cordless phones: the other wireless devices"
"390"," Reg Headlines Friday July 19"
"391"," Shopping for an affordable gaming PC? (CNET SHOPPER)"
"392"," MS/Apple: Can this marriage be saved? (I doubt it) [ANCHORDESK]"
"393"," Need a PDA that's more than a phonebook? (ZDNET SHOPPER)"
"394"," Hey, thief! This laptop is locked (Tech Update)"
"395"," Your Daily Dilbert 07/19/2002"
"396"," [Lockergnome Windows Daily]  Entrance Slouch"
"397"," THE WEEK IN REVIEW: Harvest at Macworld"
"398"," Your Daily Dilbert 07/20/2002"
"399"," Reg Headlines Monday July 22"
"400"," [Lockergnome Webmaster Weekly]  Educational Capabilities"
"401"," How Microsoft plans to take over your living room [ANCHORDESK]"
"402"," Your Daily Dilbert 07/22/2002"
"403"," Why HP could be king of servers (Tech Update)"
"404"," [Lockergnome Windows Daily]  Cranky Beats"
"405"," [Lockergnome Tech Specialist]  Concrete Geekitude"
"406"," [Lockergnome Digital Media]  Clever Ritual"
"407"," Reg Headlines Tuesday July 23"
"408"," NEWS.COM INVESTOR: Techs fall again with telecoms, Dow drops below 8K"
"409"," CNET NEWS.COM: WorldCom woes lead to bankruptcy"
"410"," Apt repository authentication: it's time"
"411"," Re: RedHat 8.0 and his own freetype"
"412"," Malcolm in the Middle Sweepstakes Prize Notification"
"413"," The ISO17799 Newsletter - Issue 4"
"414"," Virtueller Messetag der jobfair24 am Mittwoch, 03. Juli 2002"
"415"," F2M - Ihre kostenlose Faxnummer - Newsletter"
"416"," Lindows.com: Michael's Minute: Lindows.com Report Card"
"417"," Jobs, Jobs, Jobs: HEUTE, 03.07.02 ist virtueller Messetag der jobfair24!!!"
"418"," Lindows.com: Michael's Minute: Do the Math...Dispel the Myths"
"419"," IBM eNews: Aktuelle Informationen von IBM"
"420"," Oracle Technology Network TechBlast - July 2002"
"421"," DivX News: Battle of the Planets in DivX, Warcraft III, and the"
"422"," =?iso-8859-1?Q?Matrox_Parhelia=99_now_available?="
"423"," [DEJD] DesktopEngineer.com Headlines - $200 For The Best Submission"
"424"," When to Sell Online Seminar, Lesson 2: Companies Gone Wrong"
"425"," Your NEW ""Leg-Up"" on Wall Street..."
"426"," DivX News: DivX Affiliate Program, Nobody in DivX, and New Player"
"427"," Re: remove"
"428"," Cash Flow Doesn't Lie...Even After Today's Rally "
"429"," Hi! I'm new here."
"430"," Back to School with Buy4Now"
"431"," Send me this newsletter in TEXT format&#46;"
"432"," Re: Hi! I'm new here."
"433"," EFFector 15.24: EFF Submits Comments to FCC, Johansen Trial"
"434"," blogged item"
"435"," Re: Hi! I'm new here."
"436"," Brother, Can You Spare a Jet?"
"437"," [forteana] Fwd: Explorator 5.15"
"438"," Re: Hi! I'm new here."
"439"," Buy Ryanair Travel Insurance Today"
"440"," United We Fall?"
"441"," SEC Exposes Big Blue's Pink Slips"
"442"," SOURCEFORGE.NET UPDATE: August 14, 2002"
"443"," Neat Net Tricks Standard Issue 131 - August 15, 2002"
"444"," WinXPnews: Time To Patch Your Windows Media Player"
"445"," [SAtalk] OT: Can Weblogs Reach Ronald Scelson?"
"446"," iSilo announcements (August 15, 2002)"
"447"," CERT Advisory CA-2002-21 Vulnerability in PHP"
"448"," LP RELEASE: Outrageous military spending"
"449"," firewalls Digest V1 #33"
"450"," Re: QOS"
"451"," Re: QOS"
"452"," FW: disable some sites"
"453",NA
"454",NA
"455",NA
"456"," DNAT with iptables question"
"457"," RE: DNAT with iptables question"
"458"," MiniNTK 2002-08-16"
"459","      World Wide Words -- 17 Aug 02"
"460"," Re: kernel BUG at filemap.c:843!"
"461"," Re: kernel BUG at filemap.c:843!"
"462"," EFFector 15.25: Judge Grants Consumer Voice in ReplayTV Lawsuit, Musician Endorses Music Sharing"
"463"," [use Perl] Stories for 2002-08-18"
"464"," Movies to Watch on Lifetime"
"465"," =?iso-2022-jp?B?UmU6IBskQjswSSkyPTNYJSglcyU4JUslIiVqJXMlME1NJVcbKEI=?="
"466"," RE: $B;0I)2=3X%(%s%8%K%""%j%s%0MM%W%m%;%9%@%&%s$K$D$$$F(B  - ticket"
"467"," Re: $B;0I)2=3X%(%s%8%K%""%j%s%0MM%W%m%;%9%@%&%s$K$D$$$F(B - ticket"
"468"," RE: $B;0I)2=3X%(%s%8%K%""%j%s%0MM%W%m%;%9%@%&%s$K$D$$$F(B"
"469"," Re: $B;0I)2=3X%(%s%8%K%""%j%s%0MM%W%m%;%9%@%&%s$K$D$$$F(B"
"470"," RE: $B;0I)2=3X%(%s%8%K%""%j%s%0MM%W%m%;%9%@%&%s$K$D$$$F(B"
"471"," Re:$B;0I)2=3X%(%s%8%K%""%j%s%0MM%W%m%;%9%@%&%s$K$D$$$F(B"
"472"," [RE: $B;0I)2=3X%(%s%8%K%""%j%s%0MM%W%m%;%9%@%&%s$K$D$$$F(B"
"473"," RE: $B;0I)2=3X%(%s%8%K%""%j%s%0MM%W%m%;%9%@%&%s$K$D$$$F(B"
"474"," Re: $B;0I)2=3X%(%s%8%K%""%j%s%0MM%W%m%;%9%@%&%s$K$D$$(B"
"475"," RE: $B;0I)2=3X%(%s%8%K%""%j%s%0MM%W%m%;%9%@%&%s$K$D$$(B"
"476"," RE: $B;0I)2=3X%(%s%8%K%""%j%s%0MM%W%m%;%9%@%&%s$K$D(B"
"477"," $B;0I)2=3X%(%s%8%K%""%j%s%0MM%W%m%;%9%@%&%s$K$D$$(B"
"478"," =?iso-2022-jp?B?GyRCRnxLXDhsJE43b0w+IUolNSVWJTglJyUvJUghSyEhJTkbKEI=?="
"479"," BUG REVIEW"
"480"," [Lockergnome Tech Specialist]  Transportation Rage"
"481"," Terry Pratchett - AuthorTracker News from HarperCollins"
"482"," WORD A DAY - ""coruscate"" - 8/20/02"
"483"," The Freedom Rides"
"484"," SEVERE THUNDERSTORM WARNING UNTIL THU AUG 15 2002 05:45 PM EDT FOR 12144"
"485"," UBID Auction Alert"
"486"," Subject: There's still time to enter Lifetime's New Season Sweeps!"
"487"," Astrology.com: daily horoscope"
"488"," Ashfield Online 9/1/2002 by Aric McKeown"
"489"," Eagle: Lieutenant governor's race competitive, unique"
"490"," Wrox Press Developer's Journal"
"491"," Do you dream of the latest gadgets? (ZDNET SHOPPER)"
"492"," [MLB-WIRELESS] FW: Cisco Wireless LAN Solutions"
"493"," Yahoo! News Story - Top Stories"
"494"," Red Hat Linux 8.0 now available on Red Hat Network"
"495"," updated weblogs from blo.gs"
"496"," CAUCE NEWS, Vol 6, No 2, June 2002"
"497"," MEDIA: spamNEWS Digest September 30 - October 05, 2002"
"498"," testing for taint.org, part 2"
"499"," Outer Where? Right here, at dELiAs*cOm!"
"500"," This Weeks Movie Trivia Question from All Things New England"
"501"," Tribute MovieMail - Vol. 1 #48"
"502"," GAMESPOT PC: Lionheart designer diary, No One Lives Forever 2 screenshot update, and more!"
"503"," Struts 1.1 Article, JavaServer Faces Tech Talk, iXML & Widget Pages Patterns, JRun 4.0 Review"
"504"," On The Way to Telluride, On My Way Back to the World"
"505"," Today's news: Serious PHP flaw found"
"506"," VoIP tip: Troubleshooting voice"
"507"," Announcing the New Netscape 7.0 - The Fastest Netscape Browser Ever"
"508"," Geocaching.com Weekly Cache Notification"
"509"," BIG 12 OR BUST"
"510"," Automated 30 day renewal reminder 2002-05-27"
"511"," a deadlock problem"
"512"," EFFector 15.28: Motions Filed in Morpheus Peer-to-Peer Case,"
"513"," [SQL] Database joins"
"514"," [NOVICE] pl/pgsql and returns timestamp type"
"515"," Geocaching.com Weekly Cache Notification"
"516"," Securing multiple virtual hosts"
"517"," JavaServer Pages updated"
"518","  Linux-Announce Digest #180"
"519"," OO Programming Newsletter #41 from Bruce Eckel"
"520"," The Linux Counter..."
"521"," Linux Gazette #82 (September 2002) available"
"522"," bigtwo: coffee.marilith.1 released"
"523"," NEWS: GNU/DEVELOPMENT... intl orgns take a close look at GNU/Linux"
"524"," Attn programmers: support offered [FLOSS-Sarai Initiative]"
"525"," Core Java Technologies Tech Tips, September 10, 2002 (ArrayList vs. LinkedList, Zero-Length Arrays)"
"526"," September Core Java Technologies Newsletter"
"527"," Classic Novels, Aesop's Fables, Issue 49"
"528"," DayTips' Poem-a-Day: 09/13/02"
"529"," You're signed up for the Reich Report!"
"530"," Personalize your Palm OS device"
"531"," Personal Finance: Resolutions You Can Keep"
"532"," AOL Keyword: Fraud Probe"
"533"," GOVERNMENT REGULATION IS KILLING THE STOCK MARKET"
"534"," [ILUG-Social] Re: Important - reenactor insurance needed"
"535"," Market Can't Find Its Bottom With Both Hands"
"536"," (SPAM? 08.00) lists.sourceforge.net mailing list memberships reminder"
"537"," Core Java Technologies Tech Tips, September 10, 2002 (ArrayList vs. LinkedList, Zero-Length Arrays)"
"538"," September Core Java Technologies Newsletter"
"539"," Classic Novels, Aesop's Fables, Issue 49"
"540"," DayTips' Poem-a-Day: 09/13/02"
"541"," You're signed up for the Reich Report!"
"542"," Personalize your Palm OS device"
"543"," Personal Finance: Resolutions You Can Keep"
"544"," AOL Keyword: Fraud Probe"
"545"," GOVERNMENT REGULATION IS KILLING THE STOCK MARKET"
"546"," [ILUG-Social] Re: Important - reenactor insurance needed"
"547"," Market Can't Find Its Bottom With Both Hands"
"548"," EFFector 15.28: Motions Filed in Morpheus Peer-to-Peer Case,"
"549"," [SQL] Database joins"
"550"," [NOVICE] pl/pgsql and returns timestamp type"
"551"," Geocaching.com Weekly Cache Notification"
"552"," Securing multiple virtual hosts"
"553"," JavaServer Pages updated"
"554","  Linux-Announce Digest #180"
"555"," OO Programming Newsletter #41 from Bruce Eckel"
"556"," The Linux Counter..."
"557"," Linux Gazette #82 (September 2002) available"
"558"," bigtwo: coffee.marilith.1 released"
"559"," NEWS: GNU/DEVELOPMENT... intl orgns take a close look at GNU/Linux"
"560"," Attn programmers: support offered [FLOSS-Sarai Initiative]"
"561"," (SPAM? 08.00) lists.sourceforge.net mailing list memberships reminder"
