ids,subjectline
1, Life Insurance - Why Pay More?
2, [ILUG] Guaranteed to lose 10-12 lbs in 30 days 10.206
3, Guaranteed to lose 10-12 lbs in 30 days
4, [ILUG-Social] re: Guaranteed to lose 10-12 lbs in 30 days 10.148
5, RE: Your Bank Account Information
6," FORTUNE 500 COMPANY HIRING, AT HOME REPS."
7, Is Your Family Protected?
8, RE: Important Information Concerning Your Bank Account
9, Life Insurance - Why Pay More?
10, MULTIPLY YOUR CUSTOMER BASE!
11, ^^^^^Cell Phone Belt Clips $1.95^^^^^^
12, Get the Child Support You Deserve
13, FREE Cell Phone + $50 Cash Back!
14, Conference calls/best quality/$.18 per minute!
15, Plans for cable
16, HELP WANTED.  WORK FROM HOME REPS.
17, A CRY FOR HELP
18, ADV: Lowest life insurance rates available!
19, [ILUG] Guaranteed to lose 10-12 lbs in 30 days 10.206
20, [ILUG] Get the Child Support You Deserve
21, [ILUG] BUSINESS
22, Relationship
23, Save 84% on CE Credits
24, The DEBT-$AVER Program
25, A CRY FOR HELP
26, Join the Web's Fastest Growing Singles Community
27, Double Your Life Insurance at NO EXTRA COST!...
28, Guaranteed to lose 10-12 lbs in 30 days
29, Re: PROTECT YOUR COMPUTER AGAINST HARMFUL VIRUSES! 21198
30, [ILUG] (no subject)
31, [ILUG] Join the Web's Fastest Growing Singles Community 11.67
32, Give Away FREE CD's - Earn $5K in 30 Days!
33, Shape up for summer now
34, [����] ���� �ߴ� ���� Best 5 & �ڰ��� ���� ��ǳ
35, Re: Your bank account
36, Meet other Singles just like you
37, Have You Dreamed Of Your Own Home Based Business?
38, [ILUG] enter Chinese market
39, enter Chinese market
40," FORTUNE 500 COMPANY HIRING, AT HOME REPS."
41, Incredible Pictures!!!!!!!!
42, Start Your Private Photo Album Online!
43, Attn: SYSTEMWORKS CLEARANCE SALE_ONLY $29.99
44, ADV: Interest rates slashed! Don't wait!
45, GET IN AT THE TOP!
46, Re: Hi
47, [ILUG-Social] re: Guaranteed to lose 10-12 lbs in 30 days 10.148
48," Best Life Insurance, Lowest Cost..."
49," FORTUNE 500 COMPANY HIRING, AT HOME REPS."
50, Competitive Mortgage Rates
51, ADV: Extended Auto Warranties Here
52, Claim a Free $25 Kmart(R) Gift Card!
53, ADV: Lowest life insurance rates available!
54, Get out of debt quick!                                        4179uKlj5-057SXua1524UHkC5-900-28
55, RE: Your Bank Account Information
56, Market Internet Access - No Investment Needed
57, Re: Instant Quote
58," zzzz, Is Your web Site Making Money! 2:18:15 PM 8/25/2002"
59, Market Internet Access - No Investment Needed
60, re: domain registration savings
61," 8 Free Movie Tickets for doing a 2 Minute survey! Any Movie, Any Theater!"
62," Fw: PROTECT YOUR COMPUTER,YOU NEED SYSTEMWORKS!DGYWAOG"
63, Save now
64," FORTUNE 500 COMPANY HIRING, AT HOME REPS."
65," $250,000 for only $6.50 per month."
66, WebDesignHQ Newsletter
67, future business ����Ѻ�س!
68, Low Price Smokes
69, Low Price Tobacco
70, REQUEST FOR MUTUALLY BENEFITTING ENDEAVOUR.
71, ** You're -Approved-!
72, Discount Smokes
73, Is Your Family Protected?
74, Impaired Risk Case of the Month
75, investment
76, Low Cost Easy to Use Conferencing
77, Immediate Reply Needed
78, ADV: Internet marketing & communications; earn $100k/year... uleio
79," BIZ, .INFO, .COM for only $14.95"
80, [scoop] CEVIRI YAZILIMLARI
81, Email Marketing
82, RE: Important Information Concerning Your Bank Account
83, More cash for the business you already write - IMMEDIATELY
84, shop your loan to lenders for the best rate
85, Re: Want to go on a date?
86, Want to play poker with other people online.
87, Incredible Pictures!!!!!!!!
88," A must have for ""Gadget"" lovers 7134-4"
89, Hosting from ?6.50 per month
90," zzzz,Increase your breast size. 100% safe!"
91, Get the Child Support You Deserve
92," zzzz,All New! Breast Enhancement"
93, MULTIPLY YOUR CUSTOMER BASE!
94, Take your Marketing to the Next Level
95, MSNBC: Rates Hit 35 year Low 4.75% ...12304
96, ADV: Extended Auto Warranties Here
97, MULTIPLY YOUR CUSTOMER BASE!
98, One Sale - Three Commission Streams
99, Plans for cable
100, ADV: Lowest Rates Available on Term Life - Free Quote
101, - Custom Websites for $399 Complete! (1709D@5)
102, ^^^^^Cell Phone Belt Clips $1.95^^^^^^
103, ADV: Professional Teeth Whitening At Home!
104, Best news yet
105, Free Merchant Account Information
106, FBI & IRS seized goods at 99% off! Police Auctions!
107, HELP WANTED.  WORK FROM HOME REPS.
108, [scoop] Haberdar olun
109, [ILUG] BANK ERROR IN YOUR FAVOR
110, Let me know what you think!32482
111, Join the Web's Hottest & Fastest Growing Community
112, DON'T LET A COMPUTER VIRUS RUIN YOUR DAY!
113, WWW Form Submission
114, Incredible Pictures!!!!!!!!
115, Guaranteed to lose 10-12 lbs in 30 days with Slim Patch
116, Memory loss?
117," zzzz,All New! Breast Enhancement"
118, CAREER OPPORTUNITY.  WORK FROM HOME
119, ADV: Promote Your Website!
120, Get the Child Support You Deserve
121, Congratualtions zzzz8969 ! !!
122, MSNBC: Rates Hit 18 year Low 4.75% ...28940
123, Get your own fountain of youth! HGH human growth hormone from 21st Century!17441
124, Save $30k even if you've refi'd
125, Chicago Meeting Site
126,
127, The Best Critical Illness Policy on the Market
128, Teach and Grow Rich
129," Find Peace, Harmony, Tranquility, And Happiness Right Now!"
130, FREE Cell Phone + $50 Cash Back!
131, Iraq Today Daily News - FREE Trial
132, Re: Here is your Free Access
133, Toners and inkjet cartridges for less....
134, WORK FROM HOME.  WE ARE HIRING
135," Hey, rates are low. What are you waiting for?"
136, Your Shipment Status
137," New, easy to use web conferencing software"
138, MSNBC: Rates Hit 35 year Low 4.75% ...12304
139, Sometimes Less is More...
140, Play a Hilarious Phone Prank
141, Everybody Gets Paid - No Recruiting Needed
142, [ILUG-Social] Everybody Gets Paid - No Recruiting Needed
143, Get your OWN piece of history.
144, [ILUG] IMPORTANT.
145, Attn: NORTON SYSTEMWORKS 2002 CLEARANCE SALE!
146, Play a Hilarious Phone Prank
147, (_) Increase Your Sales!!!!
148, Conference calls/best quality/$.18 per minute!
149, FREE HGH - Look 10 Years Younger in 3 Weeks!!!
150," Hi,  Low price  inkjet cartridges bvax"
151, Internet News Feeds for Executives dfvht
152, Congratulations on Your 6 New Signups
153," FORTUNE 500 COMPANY HIRING, AT HOME REPS."
154, Make your prints beautiful & SAVE BIG!
155, ---> Undervalued Company
156, Attn: How about being a few pounds lighter?OLIBYKN
157, Plans for cable
158, ADV: Interest rates slashed! Don't wait!
159, ADV: Lowest life insurance rates available!
160, Attn: NORTON SYSTEMWORKS 2002 BLOWOUT!
161," zzzz,Your HGH Request!"
162," Up to $1,500.00 Part time"
163, Fw: NORTON SYSTEMWORKS 2002 FINAL CLEARANCE SALE!
164, ADV: Extended Auto Warranties Here
165, Get the money you need while mortgage rates are down.
166, HELP WANTED.  WORK FROM HOME REPS.
167, Hottest babes!                                                       4139YAEk3--9
168, A better investment than the stock market.
169, Attn: NORTON SYSTEMWORKS CLEARANCE SALE_ONLY $29.99!
170, Teach and Grow Rich
171, UK's Leading PC Specialist
172, The TBA Doctor Walks the Walk on Diabetes
173, How would you like to create your own DVD library? 4863d-5
174, Take Advantage of Viral Marketing
175, FW: Washington wire
176, A CRY FOR HELP
177, taint.org
178, New Insurance Product - No Competition
179, [ILUG] STOP THE MLM INSANITY
180," Testing a system, please delete"
181, Fw: NORTON SYSTEMWORKS 2002 CLEARANCE SALE!
182, FW: Make Money Fast And Legal! As Seen on TV! 65000$+
183, ** You're approved. **
184," Fw: VIRUS PROTECTION IS A MUST, YOU NEED SYSTEMWORKS! CPTJ"
185, ADV: Lowest life insurance rates available!
186, ADV:  Harvest lots of E-mail addresses quickly !
187, take advantage of this offer
188, you can watch me
189, Place Your LTC Declines with Us
190, you can watch me
191, CyberAge Dating - Invitation from Jenny
192, Welcome to the concept of RESIDUAL Income!
193, Z-app the Competition with Roster
194, [ILUG] Get the Child Support You Deserve
195," $14.95 per year for .COM, .BIZ, and .INFO extensions"
196," eBay, Be Debt Free by 2003!"
197, <---- FREAK ME ---->
198, Please help Home Entertainment Companies with Survey - Win a DVR!
199, We Dare You to Find a Better Annuity
200, Interest Rates at Forty Yr. Lows
201, Business Proposal.
202," Over $100,000 Per Year Possible On The Net!  No Illegal MLM Junk! Time:11:43:57 PM"
203, Seeking Your Partnership
204, Customized Warez CDs
205, [ILUG] BUSINESS
206, A marketplace where lenders compete for your business LFHLXHU
207," !Gorgeous,Custom Websites - $349 Complete! (9009zRlD0-486vNhZ47@18)"
208," Outstanding Opportunities for ""Premier Producers"""
209, Advance Your Career and Find a Great Job!
210, EIN News - FREE Trial
211, [ILUG-Social] please kindly get back to me
212, FriendSearch and zzzzason.org Partnership
213, Relationship
214, Attn:Targeted email addresses
215, Please help Home Entertainment Companies with Survey - Win a DVR!
216, Behind Every Elite Producer...
217, FW: SHORT TERM BUY RECOMMENDATION
218, [ILUG] please kindly get back to me
219, [ILUG] From the desk of : George Osawa
220, International calls for only 33 cents per minute with no subscription
221, Industry Forum #136
222, We Buy Renewal Commissions
223, NEW TECHNOLOGY - DIGITAL VIDEO RECORDER (Smart IP Technology)
224, Half Price Cigarettes and Tobacco
225, don't proscrastinate...it's only $14.95 per year
226, Half Price Cigarettes and Tobacco
227, [ILUG] �°ӷ~�줽�ǥX��
228, [WM] GREEN CARD CEK�L�S�  KACIRMAYIN
229," LIE`S, MIS-INFORMATION and FRAUD"
230, HAWAI`I & ENENKIO KINGDOMS AMERICANS
231, Hawaii & EnenKio Kingdoms
232, HAWAI`I & ENENKIO KINGDOMS AMERICANS SHAME !
233, HAWAI`I & ENENKIO KINGDOMS AMERICANS SHAME !
234, EnenKio truth (Answers)
235," A ""State of War"" Declaration The Kingdom of EnenKio recognizes that an unresolved conflict of interests exists between it and the United States Government.  The United States government, admittedly at a time of colonial expansionism, appears to have violated the laws of nature and The Law of Nations in ""taking possession"" of sovereign property in the Northern Ratak State, which then had formal treaties with the Republic of Germany.  The explicitly immoral and illegal 1899 seizure of Marshallese homeland by agents of the federal government was the start of present day sentiments of deprivation of rights and dispossession of lands felt by many Marshallese.  Because of continual neglect misrepresentation and outright exploitation, these scars on Marshallese society have not healed. Thus a current state of adversity exists.  Following four years of attempts to cause the United States to evaluate the plight of the Marshallese of the Northern Ratak imposed by its actions with respect to Wake Island, the government of EnenKio, on behalf of the Marshallese King, issued the ""'State of War', a Declaration"" and broadcast it to the world.  The people were displaced from their native lands and kept as virtual prisoners of war, not by virtue of being kept in, but by virtue of being kept out.  It was through this pragmatic initiative that the Kingdom of EnenKio solicited support to heal the wounds inflicted upon the people and peacefully restore what was wrongfully taken from the ancestors of the Ratak Paramount Chief, King Murjel Hermios. In retrospect, the Declaration has had little visible effect.  While a state of adversity does exist, the hope for American recognition of past wrongs remains on the horizon.  The Kingdom of EnenKio does not condone nor tacitly sanction any act of belligerence by any person or agent of any government.  Such unnecessary means would diminish any hope of mutual reconciliation and could diplomatically undermine the cause of peace within the family of nations.  The Kingdom of EnenKio also does not wish to see any further damage to the remnant happiness of the Marshallese people. "
236, Death of the Monarch of the Kingdom of EnenKio
237, Issuance of Gold Stamps
238, Make Huge Profits on eBay
239," The ""Business-Owner Friendly"" Pension Plan"
240, Let us find the right mortgage lender for you
241, Save 84% on CE Credits
242, Wall Street's dirty little secret ...
243, Re: SYSTEMWORKS CLEARANCE SALE_LIMITED QUANTITIES_ONLY $29.99 TJ
244, =?big5?Q?=A4=A3=AC=DD=B7|=AB=E1=AE=AC?=
245, --> DIRECT MARKETING WILL INCREASE SALES
246, What Warren Buffett won't tell ya ...
247," Earn $139,000 a year as a DAY TRADER!"
248, NEU IM HANDEL! K1-Ausgabe Nr.66
249, Newsletter Coach'Invest - Septembre 2002
250, Newsletter Coach'Invest - Septembre 2002
251, 11th Convergence India 2003 exhibition & conference
252, The DEBT-$AVER Program
253, Wir suchen Erotikdarsteller!
254, Get the Computer Skills you need - Free
255, Get the Computer Skills you need - Free
256, =?iso-2022-jp?B?GyRCJDckOCRfJEgkYiRiJE4lMyVpJVwlbCE8JTclZyVzGyhK?=
257, iiu.taint.org
258, Term Insurance Is Out
259, MSNBC: Rates Hit 35 year Low 4.75% ...12021
260, [WM] CEVIRI YAZILIMLARI
261, Are you LOSING? The answer would amaze you!
262, A CRY FOR HELP
263, [ILUG] Seeking Your Partnership
264, Custom Warez CDs
265, CIGARETTES WHOLESALE!
266, Pru Life's UL Portfolio Rocks
267, Paperless Publishing is Here and Now
268, re:  SYSTEMWORKS CLEARANCE SALE_ONLY $29.99 0989sqJ-7
269, Did I give you the money yet?
270, [ILUG] Do NOT Drop your Life Insurance
271, Join the Web's Fastest Growing Singles Community
272, [ILUG] Want to play poker with other people online.
273, University Diplomas
274, Re: This Weekend
275, Your Gateway to Wealth
276, .Message report from your contact page....//ytu855 rkq
277, Re:[1]Save over $70 on this exquisite software suite. 32004
278, Membership Renewal
279, Looking for property in SPAIN?
280, Grow Up And Be A Man!� abm
281," Powerball Results Saturday September 14, 2002 Estimated Jackpot $100 Million"
282," Invite: Content Management Summit, Oct. 10th New York City"
283, The TBA Doctor Walks the Walk on Diabetes
284, [ILUG] re: popular .BIZ and .COM extensions for only $14.95
285, =?big5?Q?=A7A=B7=C7=B3=C6=A6n=A4F=B6=DC=3F?=
286, Poker for money againts real players
287, Information for you
288, Best product for 2002
289, Best product for 2002
290, 6.50% Annuity w/4.05% Lifetime Bailout
291, Double Your Life Insurance at NO EXTRA COST!...
292, eBay PowerSeller Secrets
293, [ILUG-Social] Best Replica Goods - Best Prices
294, Have tax problems?
295, Go get em gadgets of 2002 4497VLNz2--9
296, Pics for you
297, [ILUG] Best Replica Goods - Best Prices
298, Low cost quality conference calls
299, =?big5?Q?=A7K=B6O=B5L=AD=AD=A6=B8=A5=F4=A5=B4=A4=A4=B4=E4=AA=F8=B3~=B9q=B8=DC?=
300, http://www.efi.ie/
301, The Flight to Safety is Upon Us
302, Re: PROTECT YOUR COMPUTER AGAINST HARMFUL VIRUSES! 21198
303, WARNING: Your computer may contain a virus!
304," =?big5?Q?re:=A7=DA=AA=BE=B9D=A7A=BB=DD=ADn=A7=F3=A6h=BE=F7=B7|,=A4@=B0_=A8=D3=A7a!?="
305, [ILUG] MICHAEL ! ilug
306, [WM] �z�r dileriz
307, NEED TO FIND SOMETHING?
308, Funds Investment
309, 3 Cd Package: 300 Million Email Addresses + 1.5 Mil Fax Numbers $99.95
310, Special Affiliate Offers from Amazon.Com!
311, SPS se odrekao Slobodana Milosevica
312," Free Excerpt;  Baby Makers, Loser Choosers, & Welfare Abusers...Images of My America!"
313, [ILUG] (no subject)
314, =?iso-2022-jp?B?GyRCJDckOCRfJEgkYiRiJE4lMyVpJVwlbCE8JTclZyVzGyhK?=
315," Ou Wei Lighting,Nights Will Be Lightening!"
316, =?GBK?B?U3VuZnJvbSBsaWdodGluZyDE+rXEwvrS4srHztLDx9e3x/O1xMS/seo=?=
317, =?iso-2022-jp?B?GyRCJDckOCRfJEgkYiRiJE4lMyVpJVwlbCE8JTclZyVzGyhK?=
318, =?iso-2022-jp?B?GyRCJDckOCRfJEgkYiRiJE4lMyVpJVwlbCE8JTclZyVzGyhK?=
319, =?ISO-2022-JP?B?GyRCTCQ+NUJ6OS05cCIoPF5HLiEqPVAycSQkJE45LT5sGyhC?=
320, =?ISO-2022-JP?B?GyRCTCQ+NUJ6OS05cCIoPF5HLiEqPVAycSQkJE45LT5sGyhC?=
321, =?ISO-2022-JP?B?GyRCTCQ+NUJ6OS05cCIoPF5HLiEqPVAycSQkJE45LT5sGyhC?=
322, SPS se odrekao Slobodana Milosevica
323, =?Big5?B?rEKq96SjrE5+fqdPtsykRn5+?=
324, [ILUG] Join the Web's Fastest Growing Singles Community 11.67
325, -> IN THE NEWS TODAY <----
326, One of a kind Money maker! Try it for free!
327, One of a kind Money maker! Try it for free!
328, One of a kind Money maker! Try it for free!
329, One of a kind Money maker! Try it for free!
330, Yeni s�r�mde
331, Still looking for a house?
332," =?big5?Q?re:=B7Q=ADn=ADP=B4I,=A7A=C1=D9=ADn=B5=A5=A6h=A4[?="
333, fwd:  NORTON SYSTEMWORKS CLEARANCE SALE_ONLY $29.99 7126kyiK0-697yFCQ4277rqZm-24
334, Give Away FREE CD's - Earn $5K in 30 Days!
335, Teach and Grow Rich
336, May I have a moment of your Time PLEASE
337, [ILUG] Here is the information you requested
338," Friend, Copy ANY DVD or Playstation Game with this software......"
339, Best Long Distance On the Net - 3.9 Cents With No Monthly Fees
340, Don't get caught by rising interest rates.
341, New Stock Pick: BBAN - Last Pick UP 309%.......................................... gsg
342, Membership Status Notification
343, Shape up for summer now
344, you don't satisfy me
345, fwd:  NORTON SYSTEMWORKS CLEARANCE SALE!
346, The Best Just Got Better
347, Get on the Bus.. gbvzzzz
348, Introducing HGH: The Most Powerful Anti-Obesity Drug Ever
349, Re: Super CHARGE your desktop or laptop today!
350, FREE WebBook Publishing Software - Download NOW!
351, [ILUG-Social] Poker for money againts real players
352, Shape up for summer now
353, English Well for you?
354, [ILUG] AWARD NOTIFICATION
355," Last time you spent $25 did u make $100,000,s? Well this time you will. wju"
356, Introducing Chase Platinum for Students with a 0% Introductory APR
357," Friend,Instantly Copy ANY DVD or Playstation Game with this software......"
358, Impaired Risk Case of the Month
359, A revolution in the PC world has arrived.
360, fwd:  SYSTEMWORKS CLEARANCE SALE_ONLY $29.99
361, Toners and inkjet cartridges for less....
362, [����] ���� �ߴ� ���� Best 5 & �ڰ��� ���� ��ǳ
363, Expand Your business with our Money!
364, ADV: Extended Auto Warranties Here hvgxs
365, Never pay eBay listing fees again!
366, PROTECT YOUR INFORMATION AND YOUR COMPUTER
367, found a secret link   ADV
368, Slim Factors - A totally new approach to weight loss
369, Hgh: safe and effective release of your own growth hormone!30543
370," Fwd: Norton makes the BEST software available, now ONLY $29.99! 32053"
371, [ILUG-Social] Claim Your $25 Kmart Gift Card
372, [����] ���� �ߴ� ���� Best 5 & �ڰ��� ���� ��ǳ
373, Unleash your PC's Multimedia POWER at 70% off retail!
374, Definitely the answer many have been waiting for!!
375, Re:[1]Save over $70 on this exquisite software suite. FTS
376, Shipment Status
377, 5% Guaranteed for Eight Years
378," zzzz, do we have your money?"
379, FORTUNE 500 WORK AT HOME REPS NEEDED!
380, Email marketing info
381, Collect Your Money! Time:1:30:33 AM
382, Funds Investment
383, Re: Your bank account
384, Funds Investment
385, Lease Deal
386, [ILUG-Social] Lose 22.5lbs in 3 weeks!
387, FREE Health Insurance Quotes
388, .. kennst mich noch ? nehrb
389," Adv: Mortgage Quotes Fast Online, No Cost"
390, Re: Ink Prices Got You Down?
391, =?GB2312?B?NTDUqrvxtcPSu9LazuXHp83yRU1BSUy12Na3tcS7+rvh?=
392, You have been hand selected... Free Info!
393, One Sale - Three Commission Streams
394, Re: Your bank account
395, [ILUG] Garden Ornaments | mvcmv
396, This one will make you money  9/20/02 11:34:52 PM
397," Re: PROTECT YOUR COMPUTER,YOU NEED SYSTEMWORKS!"
398, private
399, Re: What a night!
400, Re: girls
401, [WM] greencard 2004 �ekili�ini ka��rmay�n
402," zzzz, do we have your money?"
403, If You Dont... Your Competition Will!
404, [ILUG-Social] Low Price Tobacco
405," [ILUG] $4,000/Month with your PC ! NO SPAM ! PLEASE READ !"
406, Remeber me?
407, YOUR ACCOUNT HAS BEEN CLOSED!
408, Welcome to OfferClub!
409, Work at Home - $5000 a month
410, Guaranteed Best Mortgage Rate
411," Adv: Mortgage Quotes Fast Online, No Cost"
412, Have you planned for your family's future?
413, Too Busy Earning A Living To Make Any Money
414, new extensions now only $14.95
415, [ILUG] Earn 100.000$ in one year working at home
416, Earn 100.000$ in one year working at home
417, Guaranteed Best Mortgage Rate
418, [scoop] ....It is not my fault. .- vwiid
419, You can gain from lowest interest rates in 30 years
420, Your eBay account is about to expire!
421, HOME REPS WANTED-FORTUNE 500 COMP HIRING
422, Garden Ornaments | ppu
423, Meet other Singles just like you
424," Save $100's, maybe $1,000's with No Lender's Fees. Click here!"
425, ADV: Extended Auto Warranties Here iubrq
426, ANTICAIPTING TO HEARING FROM YOU SOON.
427, Mortgage Rates Are Down.
428, Dont waste your TIME!!! Why?
429, Are you ready for 10/5/2002?
430, Join & Get 4 DVDs for 49� ea. (+shipping & processing)! Details Inside...
431, Lenders WILL COMPETE for your mortgage
432," $250,000... as low as $6.50 per month."
433, Have You Dreamed Of Your Own Home Based Business?
434, NORTON SYSTEMWORKS 2002 CLEARANCE SALE! 6801wbRq4-940mJbj463-19
435," Vacation Time,House need work,Behind in Bills? Refinance while rates are low"
436, [ILUG-Social] Need a Credit Card?
437, Boost Your Cell Signal ...10782
438, New Version 7: Uncover the TRUTH about ANYONE!
439, [ILUG] Create a PAYCHECK with your COMPUTER and Enjoy Cheap ISP & shopping Discount.
440, Tired of paying big bucks for cable
441, Congratulations on Your 6 New Signups
442, Get a FREE Bottle of Wine & Tasting Kit
443, Get $100 Free - Beat the House at Royal Vegas!
444, [ILUG] enter Chinese market
445, **** American Millionaire Reveals His Secret Source of Wealth On The Internet!!!
446, Make $500 - $2500/Week on Ebay
447, [ILUG-Social] re: how to register one of the new domain extensions
448, FREE TRIAL - Last Stock pick UP 309%................................................. cqhcp
449, Financial Power You Can Depend On
450, FW: FOCUS ON VALUE
451, I was so scared... my very first DP
452, are you in the mood
453, FORTUNE 500 WORK AT HOME REPS NEEDED!
454, Holidays are coming?
455, enter Chinese market
456, [ILUG] Create a PAYCHECK with your COMPUTER and Enjoy Cheap ISP & shopping Discount.
457, Tell Me Where to Send Your Health Card
458, Act Now - Reach Hundreds of Prospects
459, ADV: Extended Auto Warranties Here vfafu
460, BUSINESS PARTNERSHIP(URGENT/CONFIDENTIAL)
461, Partnership.
462, Printer Cartridges as low as $1.21 each!
463, We Build The Internet.  WebXperts.com  (Design / Programming / Consultation)
464, ADV: Are you protected? Free Life Insurance quote oefik
465, Private Label Reseller Hosting  -  Expires 9/30/2002
466, The best possible mortgage
467, Adult: Free Access
468, Got plans tonight?
469, Congratulations! You Get a Free Handheld Organizer!
470, Commissions Too High to Publish
471," The Government Grants You $25,000!"
472, Free Shipping on all orders at Blair.com
473, Attn: PROTECT YOURSELF AGAINST HARMFUL VIRUSES! SONLSNAIK
474, Never pay for the goodz again (8SimUgQ)
475," FORTUNE 500 COMPANY HIRING, AT HOME REPS."
476, =?GB2312?B?0rvN+KGwu92hsczsz8KjrNK71bnM7M/C1qotLS0tMjAwM8TqNNTCMcjVLS00?=
477, $14.95 per year domain names
478, MAKE MONEY GIVING AWAY FREE STUFF!
479, FWD:Direct marketing is working
480, See your Company sales sky rocket.
481, Hit the Road with CNA
482, $10 a hour for watching e-mmercials! No joke!
483, Make a Fortune On eBay
484, Faeries
485, Incredible Pictures!!!!!!!!
486, [ILUG-Social] prirodu requiremus social sample
487, Today's Special: Amazing Penetrations No. 17 29264
488, GOV'T GUARANTEED HOME BUSINESS
489, [ILUG] MANUEL OKO
490, [ILUG] please kindly get back to me
491, hurry
492, Do you need a second MORTGAGE?
493,
494, Earn Your Fortune on eBay!
495, HK Email marking !
496, Start Your Private Photo Album Online!
497, Attn: SYSTEMWORKS CLEARANCE SALE_ONLY $29.99
498, ADV: Interest rates slashed! Don't wait!
499, GET IN AT THE TOP!
500, Re: Hi
501," Best Life Insurance, Lowest Cost..."
502," FORTUNE 500 COMPANY HIRING, AT HOME REPS."
503, Competitive Mortgage Rates
504, ADV: Extended Auto Warranties Here
505, Claim a Free $25 Kmart(R) Gift Card!
506, ADV: Lowest life insurance rates available!
507, Get out of debt quick!                                        4179uKlj5-057SXua1524UHkC5-900-28
508, Market Internet Access - No Investment Needed
509, Re: Instant Quote
510," zzzz, Is Your web Site Making Money! 2:18:15 PM 8/25/2002"
511, Market Internet Access - No Investment Needed
512, re: domain registration savings
513," 8 Free Movie Tickets for doing a 2 Minute survey! Any Movie, Any Theater!"
514," Fw: PROTECT YOUR COMPUTER,YOU NEED SYSTEMWORKS!DGYWAOG"
515, Save now
516," $250,000 for only $6.50 per month."
517, WebDesignHQ Newsletter
518, future business ����Ѻ�س!
519, Low Price Smokes
520, Low Price Tobacco
521, REQUEST FOR MUTUALLY BENEFITTING ENDEAVOUR.
522, ** You're -Approved-!
523, Discount Smokes
524, Impaired Risk Case of the Month
525, investment
526, Low Cost Easy to Use Conferencing
527, Immediate Reply Needed
528, ADV: Internet marketing & communications; earn $100k/year... uleio
529," BIZ, .INFO, .COM for only $14.95"
530, [scoop] CEVIRI YAZILIMLARI
531, Email Marketing
532, More cash for the business you already write - IMMEDIATELY
533, shop your loan to lenders for the best rate
534, Re: Want to go on a date?
535, Want to play poker with other people online.
536, Incredible Pictures!!!!!!!!
537," A must have for ""Gadget"" lovers 7134-4"
538, Hosting from ?6.50 per month
539," zzzz,Increase your breast size. 100% safe!"
540, Get the Child Support You Deserve
541," zzzz,All New! Breast Enhancement"
542, Take your Marketing to the Next Level
543, MSNBC: Rates Hit 35 year Low 4.75% ...12304
544, ADV: Extended Auto Warranties Here
545, MULTIPLY YOUR CUSTOMER BASE!
546, One Sale - Three Commission Streams
547, Plans for cable
548, ADV: Lowest Rates Available on Term Life - Free Quote
549, - Custom Websites for $399 Complete! (1709D@5)
550, ADV: Professional Teeth Whitening At Home!
551, Best news yet
552, Free Merchant Account Information
553, FBI & IRS seized goods at 99% off! Police Auctions!
554, HELP WANTED.  WORK FROM HOME REPS.
555, [scoop] Haberdar olun
556, [ILUG] BANK ERROR IN YOUR FAVOR
557, Let me know what you think!32482
558, Join the Web's Hottest & Fastest Growing Community
559, DON'T LET A COMPUTER VIRUS RUIN YOUR DAY!
560, WWW Form Submission
561, Incredible Pictures!!!!!!!!
562, Guaranteed to lose 10-12 lbs in 30 days with Slim Patch
563, Memory loss?
564," zzzz,All New! Breast Enhancement"
565, CAREER OPPORTUNITY.  WORK FROM HOME
566, ADV: Promote Your Website!
567, Congratualtions zzzz8969 ! !!
568, MSNBC: Rates Hit 18 year Low 4.75% ...28940
569, Get your own fountain of youth! HGH human growth hormone from 21st Century!17441
570, Save $30k even if you've refi'd
571, Chicago Meeting Site
572, *****SPAM*****
573, The Best Critical Illness Policy on the Market
574, Teach and Grow Rich
575," Find Peace, Harmony, Tranquility, And Happiness Right Now!"
576, Iraq Today Daily News - FREE Trial
577, Re: Here is your Free Access
578, Toners and inkjet cartridges for less....
579, WORK FROM HOME.  WE ARE HIRING
580," Hey, rates are low. What are you waiting for?"
581, Your Shipment Status
582," New, easy to use web conferencing software"
583, Sometimes Less is More...
584, Play a Hilarious Phone Prank
585, Everybody Gets Paid - No Recruiting Needed
586, [ILUG-Social] Everybody Gets Paid - No Recruiting Needed
587, Get your OWN piece of history.
588, [ILUG] IMPORTANT.
589, Attn: NORTON SYSTEMWORKS 2002 CLEARANCE SALE!
590, Play a Hilarious Phone Prank
591, (_) Increase Your Sales!!!!
592, FREE HGH - Look 10 Years Younger in 3 Weeks!!!
593," Hi,  Low price  inkjet cartridges bvax"
594, Internet News Feeds for Executives dfvht
595, Congratulations on Your 6 New Signups
596," FORTUNE 500 COMPANY HIRING, AT HOME REPS."
597, Make your prints beautiful & SAVE BIG!
598, ---> Undervalued Company
599, Attn: How about being a few pounds lighter?OLIBYKN
600, ADV: Interest rates slashed! Don't wait!
601, ADV: Lowest life insurance rates available!
602, Attn: NORTON SYSTEMWORKS 2002 BLOWOUT!
603," zzzz,Your HGH Request!"
604, Attn: How about being a few pounds lighter?OLIBYKN
605," Up to $1,500.00 Part time"
606, Fw: NORTON SYSTEMWORKS 2002 FINAL CLEARANCE SALE!
607, ADV: Extended Auto Warranties Here
608, Get the money you need while mortgage rates are down.
609, Hottest babes!                                                       4139YAEk3--9
610, A better investment than the stock market.
611, Attn: NORTON SYSTEMWORKS CLEARANCE SALE_ONLY $29.99!
612, Teach and Grow Rich
613, UK's Leading PC Specialist
614, The TBA Doctor Walks the Walk on Diabetes
615, How would you like to create your own DVD library? 4863d-5
616, Take Advantage of Viral Marketing
617, FW: Washington wire
618, taint.org
619, New Insurance Product - No Competition
620, [ILUG] STOP THE MLM INSANITY
621," Testing a system, please delete"
622, Fw: NORTON SYSTEMWORKS 2002 CLEARANCE SALE!
623, FW: Make Money Fast And Legal! As Seen on TV! 65000$+
624, ** You're approved. **
625," Fw: VIRUS PROTECTION IS A MUST, YOU NEED SYSTEMWORKS! CPTJ"
626, ADV:  Harvest lots of E-mail addresses quickly !
627, take advantage of this offer
628, you can watch me
629, Place Your LTC Declines with Us
630, you can watch me
631, CyberAge Dating - Invitation from Jenny
632, Welcome to the concept of RESIDUAL Income!
633, Z-app the Competition with Roster
634," $14.95 per year for .COM, .BIZ, and .INFO extensions"
635," eBay, Be Debt Free by 2003!"
636, <---- FREAK ME ---->
637, Please help Home Entertainment Companies with Survey - Win a DVR!
638, We Dare You to Find a Better Annuity
639, Interest Rates at Forty Yr. Lows
640, Business Proposal.
641," Over $100,000 Per Year Possible On The Net!  No Illegal MLM Junk! Time:11:43:57 PM"
642, Seeking Your Partnership
643, Customized Warez CDs
644, A marketplace where lenders compete for your business LFHLXHU
645," !Gorgeous,Custom Websites - $349 Complete! (9009zRlD0-486vNhZ47@18)"
646," Outstanding Opportunities for ""Premier Producers"""
647, Advance Your Career and Find a Great Job!
648, EIN News - FREE Trial
649, [ILUG-Social] please kindly get back to me
650, FriendSearch and zzzzason.org Partnership
651, Attn:Targeted email addresses
652, Attn:Targeted email addresses
653, Please help Home Entertainment Companies with Survey - Win a DVR!
654, Behind Every Elite Producer...
655, FW: SHORT TERM BUY RECOMMENDATION
656, [ILUG] please kindly get back to me
657, [ILUG] From the desk of : George Osawa
658, International calls for only 33 cents per minute with no subscription
659, Industry Forum #136
660, We Buy Renewal Commissions
661, NEW TECHNOLOGY - DIGITAL VIDEO RECORDER (Smart IP Technology)
662, Half Price Cigarettes and Tobacco
663, don't proscrastinate...it's only $14.95 per year
664, Half Price Cigarettes and Tobacco
665, [ILUG] �°ӷ~�줽�ǥX��
666, [WM] GREEN CARD CEK�L�S�  KACIRMAYIN
667," LIE`S, MIS-INFORMATION and FRAUD"
668, HAWAI`I & ENENKIO KINGDOMS AMERICANS
669, Hawaii & EnenKio Kingdoms
670, HAWAI`I & ENENKIO KINGDOMS AMERICANS SHAME !
671, HAWAI`I & ENENKIO KINGDOMS AMERICANS SHAME !
672, EnenKio truth (Answers)
673," A ""State of War"" Declaration The Kingdom of EnenKio recognizes that an unresolved conflict of interests exists between it and the United States Government.  The United States government, admittedly at a time of colonial expansionism, appears to have violated the laws of nature and The Law of Nations in ""taking possession"" of sovereign property in the Northern Ratak State, which then had formal treaties with the Republic of Germany.  The explicitly immoral and illegal 1899 seizure of Marshallese homeland by agents of the federal government was the start of present day sentiments of deprivation of rights and dispossession of lands felt by many Marshallese.  Because of continual neglect misrepresentation and outright exploitation, these scars on Marshallese society have not healed. Thus a current state of adversity exists.  Following four years of attempts to cause the United States to evaluate the plight of the Marshallese of the Northern Ratak imposed by its actions with respect to Wake Island, the government of EnenKio, on behalf of the Marshallese King, issued the ""'State of War', a Declaration"" and broadcast it to the world.  The people were displaced from their native lands and kept as virtual prisoners of war, not by virtue of being kept in, but by virtue of being kept out.  It was through this pragmatic initiative that the Kingdom of EnenKio solicited support to heal the wounds inflicted upon the people and peacefully restore what was wrongfully taken from the ancestors of the Ratak Paramount Chief, King Murjel Hermios. In retrospect, the Declaration has had little visible effect.  While a state of adversity does exist, the hope for American recognition of past wrongs remains on the horizon.  The Kingdom of EnenKio does not condone nor tacitly sanction any act of belligerence by any person or agent of any government.  Such unnecessary means would diminish any hope of mutual reconciliation and could diplomatically undermine the cause of peace within the family of nations.  The Kingdom of EnenKio also does not wish to see any further damage to the remnant happiness of the Marshallese people. "
674, Death of the Monarch of the Kingdom of EnenKio
675, Issuance of Gold Stamps
676, Make Huge Profits on eBay
677," The ""Business-Owner Friendly"" Pension Plan"
678, Let us find the right mortgage lender for you
679, Wall Street's dirty little secret ...
680, Re: SYSTEMWORKS CLEARANCE SALE_LIMITED QUANTITIES_ONLY $29.99 TJ
681, =?big5?Q?=A4=A3=AC=DD=B7|=AB=E1=AE=AC?=
682, --> DIRECT MARKETING WILL INCREASE SALES
683, What Warren Buffett won't tell ya ...
684," Earn $139,000 a year as a DAY TRADER!"
685, NEU IM HANDEL! K1-Ausgabe Nr.66
686, Newsletter Coach'Invest - Septembre 2002
687, Newsletter Coach'Invest - Septembre 2002
688, 11th Convergence India 2003 exhibition & conference
689, Wir suchen Erotikdarsteller!
690, Get the Computer Skills you need - Free
691, Get the Computer Skills you need - Free
692, =?iso-2022-jp?B?GyRCJDckOCRfJEgkYiRiJE4lMyVpJVwlbCE8JTclZyVzGyhK?=
693, iiu.taint.org
694, Term Insurance Is Out
695, MSNBC: Rates Hit 35 year Low 4.75% ...12021
696, [WM] CEVIRI YAZILIMLARI
697, Are you LOSING? The answer would amaze you!
698, [ILUG] Seeking Your Partnership
699, Custom Warez CDs
700, CIGARETTES WHOLESALE!
701, Pru Life's UL Portfolio Rocks
702, Paperless Publishing is Here and Now
703, re:  SYSTEMWORKS CLEARANCE SALE_ONLY $29.99 0989sqJ-7
704, Did I give you the money yet?
705, [ILUG] Do NOT Drop your Life Insurance
706, [ILUG] Want to play poker with other people online.
707, University Diplomas
708, Re: This Weekend
709, Your Gateway to Wealth
710, .Message report from your contact page....//ytu855 rkq
711, Re:[1]Save over $70 on this exquisite software suite. 32004
712, Membership Renewal
713, Looking for property in SPAIN?
714, Grow Up And Be A Man!� abm
715," Powerball Results Saturday September 14, 2002 Estimated Jackpot $100 Million"
716," Invite: Content Management Summit, Oct. 10th New York City"
717, The TBA Doctor Walks the Walk on Diabetes
718, [ILUG] re: popular .BIZ and .COM extensions for only $14.95
719, =?big5?Q?=A7A=B7=C7=B3=C6=A6n=A4F=B6=DC=3F?=
720, Poker for money againts real players
721, Information for you
722, Best product for 2002
723, Best product for 2002
724, 6.50% Annuity w/4.05% Lifetime Bailout
725, eBay PowerSeller Secrets
726, [ILUG-Social] Best Replica Goods - Best Prices
727, Have tax problems?
728, Go get em gadgets of 2002 4497VLNz2--9
729, Pics for you
730, [ILUG] Best Replica Goods - Best Prices
731, Low cost quality conference calls
732, =?big5?Q?=A7K=B6O=B5L=AD=AD=A6=B8=A5=F4=A5=B4=A4=A4=B4=E4=AA=F8=B3~=B9q=B8=DC?=
733, http://www.efi.ie/
734, The Flight to Safety is Upon Us
735, WARNING: Your computer may contain a virus!
736," =?big5?Q?re:=A7=DA=AA=BE=B9D=A7A=BB=DD=ADn=A7=F3=A6h=BE=F7=B7|,=A4@=B0_=A8=D3=A7a!?="
737, [ILUG] MICHAEL ! ilug
738, [WM] �z�r dileriz
739, NEED TO FIND SOMETHING?
740, Funds Investment
741, 3 Cd Package: 300 Million Email Addresses + 1.5 Mil Fax Numbers $99.95
742, Special Affiliate Offers from Amazon.Com!
743, SPS se odrekao Slobodana Milosevica
744," Free Excerpt;  Baby Makers, Loser Choosers, & Welfare Abusers...Images of My America!"
745, =?iso-2022-jp?B?GyRCJDckOCRfJEgkYiRiJE4lMyVpJVwlbCE8JTclZyVzGyhK?=
746," Ou Wei Lighting,Nights Will Be Lightening!"
747," Ou Wei Lighting,Nights Will Be Lightening!"
748, =?GBK?B?U3VuZnJvbSBsaWdodGluZyDE+rXEwvrS4srHztLDx9e3x/O1xMS/seo=?=
749, =?iso-2022-jp?B?GyRCJDckOCRfJEgkYiRiJE4lMyVpJVwlbCE8JTclZyVzGyhK?=
750, =?iso-2022-jp?B?GyRCJDckOCRfJEgkYiRiJE4lMyVpJVwlbCE8JTclZyVzGyhK?=
751, =?ISO-2022-JP?B?GyRCTCQ+NUJ6OS05cCIoPF5HLiEqPVAycSQkJE45LT5sGyhC?=
752, =?ISO-2022-JP?B?GyRCTCQ+NUJ6OS05cCIoPF5HLiEqPVAycSQkJE45LT5sGyhC?=
753, =?ISO-2022-JP?B?GyRCTCQ+NUJ6OS05cCIoPF5HLiEqPVAycSQkJE45LT5sGyhC?=
754, SPS se odrekao Slobodana Milosevica
755, =?Big5?B?rEKq96SjrE5+fqdPtsykRn5+?=
756, -> IN THE NEWS TODAY <----
757, One of a kind Money maker! Try it for free!
758, One of a kind Money maker! Try it for free!
759, One of a kind Money maker! Try it for free!
760, One of a kind Money maker! Try it for free!
761, Yeni s�r�mde
762, Still looking for a house?
763," =?big5?Q?re:=B7Q=ADn=ADP=B4I,=A7A=C1=D9=ADn=B5=A5=A6h=A4[?="
764, fwd:  NORTON SYSTEMWORKS CLEARANCE SALE_ONLY $29.99 7126kyiK0-697yFCQ4277rqZm-24
765, Teach and Grow Rich
766, May I have a moment of your Time PLEASE
767, [ILUG] Here is the information you requested
768," Friend, Copy ANY DVD or Playstation Game with this software......"
769, Best Long Distance On the Net - 3.9 Cents With No Monthly Fees
770, Don't get caught by rising interest rates.
771, New Stock Pick: BBAN - Last Pick UP 309%.......................................... gsg
772, Membership Status Notification
773, you don't satisfy me
774, fwd:  NORTON SYSTEMWORKS CLEARANCE SALE!
775, The Best Just Got Better
776, Get on the Bus.. gbvzzzz
777, Re: zzzz@example.com
778, Introducing HGH: The Most Powerful Anti-Obesity Drug Ever
779, Re: Super CHARGE your desktop or laptop today!
780, FREE WebBook Publishing Software - Download NOW!
781, [ILUG-Social] Poker for money againts real players
782, English Well for you?
783, [ILUG] AWARD NOTIFICATION
784," Last time you spent $25 did u make $100,000,s? Well this time you will. wju"
785, Introducing Chase Platinum for Students with a 0% Introductory APR
786," Friend,Instantly Copy ANY DVD or Playstation Game with this software......"
787, Impaired Risk Case of the Month
788, A revolution in the PC world has arrived.
789, fwd:  SYSTEMWORKS CLEARANCE SALE_ONLY $29.99
790, Toners and inkjet cartridges for less....
791, Expand Your business with our Money!
792, ADV: Extended Auto Warranties Here hvgxs
793, Never pay eBay listing fees again!
794, PROTECT YOUR INFORMATION AND YOUR COMPUTER
795, found a secret link   ADV
796, Slim Factors - A totally new approach to weight loss
797, Hgh: safe and effective release of your own growth hormone!30543
798," Fwd: Norton makes the BEST software available, now ONLY $29.99! 32053"
799, [ILUG-Social] Claim Your $25 Kmart Gift Card
800, Unleash your PC's Multimedia POWER at 70% off retail!
801, Definitely the answer many have been waiting for!!
802, Re:[1]Save over $70 on this exquisite software suite. FTS
803, Shipment Status
804, 5% Guaranteed for Eight Years
805," zzzz, do we have your money?"
806, FORTUNE 500 WORK AT HOME REPS NEEDED!
807, Email marketing info
808, Collect Your Money! Time:1:30:33 AM
809, Funds Investment
810, Funds Investment
811, Lease Deal
812, [ILUG-Social] Lose 22.5lbs in 3 weeks!
813, FREE Health Insurance Quotes
814, .. kennst mich noch ? nehrb
815," Adv: Mortgage Quotes Fast Online, No Cost"
816, Re: Ink Prices Got You Down?
817, =?GB2312?B?NTDUqrvxtcPSu9LazuXHp83yRU1BSUy12Na3tcS7+rvh?=
818, You have been hand selected... Free Info!
819, One Sale - Three Commission Streams
820, [ILUG] Garden Ornaments | mvcmv
821, This one will make you money  9/20/02 11:34:52 PM
822," Re: PROTECT YOUR COMPUTER,YOU NEED SYSTEMWORKS!"
823, private
824, Re: What a night!
825, Re: girls
826, [WM] greencard 2004 �ekili�ini ka��rmay�n
827," zzzz, do we have your money?"
828, If You Dont... Your Competition Will!
829, [ILUG-Social] Low Price Tobacco
830," [ILUG] $4,000/Month with your PC ! NO SPAM ! PLEASE READ !"
831, Remeber me?
832, YOUR ACCOUNT HAS BEEN CLOSED!
833, Welcome to OfferClub!
834, Work at Home - $5000 a month
835, Guaranteed Best Mortgage Rate
836," Adv: Mortgage Quotes Fast Online, No Cost"
837, Have you planned for your family's future?
838, Too Busy Earning A Living To Make Any Money
839, new extensions now only $14.95
840, [ILUG] Earn 100.000$ in one year working at home
841, Earn 100.000$ in one year working at home
842, Guaranteed Best Mortgage Rate
843, [scoop] ....It is not my fault. .- vwiid
844, You can gain from lowest interest rates in 30 years
845, Your eBay account is about to expire!
846, HOME REPS WANTED-FORTUNE 500 COMP HIRING
847, Garden Ornaments | ppu
848," Save $100's, maybe $1,000's with No Lender's Fees. Click here!"
849, ADV: Extended Auto Warranties Here iubrq
850, ANTICAIPTING TO HEARING FROM YOU SOON.
851, Mortgage Rates Are Down.
852, Dont waste your TIME!!! Why?
853, Are you ready for 10/5/2002?
854, Join & Get 4 DVDs for 49� ea. (+shipping & processing)! Details Inside...
855, Lenders WILL COMPETE for your mortgage
856," $250,000... as low as $6.50 per month."
857, NORTON SYSTEMWORKS 2002 CLEARANCE SALE! 6801wbRq4-940mJbj463-19
858," Vacation Time,House need work,Behind in Bills? Refinance while rates are low"
859, [ILUG-Social] Need a Credit Card?
860, Boost Your Cell Signal ...10782
861, New Version 7: Uncover the TRUTH about ANYONE!
862, [ILUG] Create a PAYCHECK with your COMPUTER and Enjoy Cheap ISP & shopping Discount.
863, Tired of paying big bucks for cable
864, Congratulations on Your 6 New Signups
865, Get a FREE Bottle of Wine & Tasting Kit
866, Get $100 Free - Beat the House at Royal Vegas!
867, **** American Millionaire Reveals His Secret Source of Wealth On The Internet!!!
868, Make $500 - $2500/Week on Ebay
869, [ILUG-Social] re: how to register one of the new domain extensions
870, FREE TRIAL - Last Stock pick UP 309%................................................. cqhcp
871, Financial Power You Can Depend On
872, FW: FOCUS ON VALUE
873, I was so scared... my very first DP
874, are you in the mood
875, FORTUNE 500 WORK AT HOME REPS NEEDED!
876, Holidays are coming?
877, [ILUG] Create a PAYCHECK with your COMPUTER and Enjoy Cheap ISP & shopping Discount.
878, Tell Me Where to Send Your Health Card
879, Account zzzz@example.com
880, Act Now - Reach Hundreds of Prospects
881, ADV: Extended Auto Warranties Here vfafu
882, BUSINESS PARTNERSHIP(URGENT/CONFIDENTIAL)
883, Partnership.
884, Printer Cartridges as low as $1.21 each!
885, We Build The Internet.  WebXperts.com  (Design / Programming / Consultation)
886, ADV: Are you protected? Free Life Insurance quote oefik
887, Private Label Reseller Hosting  -  Expires 9/30/2002
888, The best possible mortgage
889, Adult: Free Access
890, Got plans tonight?
891, Congratulations! You Get a Free Handheld Organizer!
892, Commissions Too High to Publish
893," The Government Grants You $25,000!"
894, Free Shipping on all orders at Blair.com
895, Attn: PROTECT YOURSELF AGAINST HARMFUL VIRUSES! SONLSNAIK
896, Never pay for the goodz again (8SimUgQ)
897, =?GB2312?B?0rvN+KGwu92hsczsz8KjrNK71bnM7M/C1qotLS0tMjAwM8TqNNTCMcjVLS00?=
898, $14.95 per year domain names
899, MAKE MONEY GIVING AWAY FREE STUFF!
900, FWD:Direct marketing is working
901, See your Company sales sky rocket.
902, Hit the Road with CNA
903, $10 a hour for watching e-mmercials! No joke!
904, Make a Fortune On eBay
905, Faeries
